Category,Rating,Reviews,Content Rating,Size_in_bytes,Numeric_installs
LIBRARIES_AND_DEMO,4.1,20145,Everyone,110.0,1000000
BUSINESS,4.3,46353,Everyone,210000000.0,1000000
LIBRARIES_AND_DEMO,3.9,58055,Everyone,410.0,5000000
LIBRARIES_AND_DEMO,3.8,7750,Everyone,2920.0,1000000
EDUCATION,4.4,1619,Everyone,30000000.0,1000000
LIBRARIES_AND_DEMO,5.0,26,Everyone,25000000.0,1000
BEAUTY,4.5,473,Mature 17+,82000000.0,100000
COMMUNICATION,4.2,124346,Everyone,6950.0,10000000
EVENTS,5.0,16,Everyone,23000000.0,100
FINANCE,4.1,13868,Everyone,14000000.0,1000000
COMMUNICATION,4.4,32254,Everyone,55000000.0,1000000
COMMUNICATION,4.2,125232,Everyone,27000000.0,10000000
EDUCATION,4.0,430,Everyone,5260.0,10000
EDUCATION,4.0,275,Everyone,23000000.0,50000
BOOKS_AND_REFERENCE,3.9,1778,Mature 17+,49000000.0,500000
BUSINESS,4.4,2287,Everyone,15000000.0,1000000
LIBRARIES_AND_DEMO,3.5,126862,Everyone,6240.0,10000000
COMMUNICATION,4.1,255,Everyone,16000000.0,10000
LIFESTYLE,4.1,360,Everyone,46000000.0,10000
LIFESTYLE,4.1,360,Everyone,46000000.0,10000
EDUCATION,4.3,656,Everyone,5560.0,10000
AUTO_AND_VEHICLES,4.0,1403,Everyone,2010.0,100000
BUSINESS,3.1,4034,Everyone,230.0,100000
LIBRARIES_AND_DEMO,4.4,783,Everyone,64000000.0,100000
LIFESTYLE,4.3,1533,Everyone,77000000.0,100000
LIBRARIES_AND_DEMO,3.8,67007,Everyone,2320.0,5000000
BOOKS_AND_REFERENCE,3.5,156,Everyone,420000000.0,500000
HEALTH_AND_FITNESS,3.7,1861,Everyone,15000000.0,1000000
EDUCATION,4.3,11904,Everyone,18000000.0,1000000
EDUCATION,4.3,22251,Everyone,18000000.0,1000000
LIFESTYLE,4.4,16637,Everyone,100000000.0,1000000
LIFESTYLE,4.4,16637,Everyone,100000000.0,1000000
COMMUNICATION,4.0,9498,Everyone,1180.0,1000000
COMMUNICATION,4.1,28238,Everyone,170000000.0,1000000
COMMUNICATION,4.2,42925,Everyone,28000000.0,1000000
LIFESTYLE,3.7,4212,Everyone,200000000.0,1000000
ENTERTAINMENT,4.2,38769,Mature 17+,440000000.0,1000000
LIFESTYLE,4.3,7287,Everyone,50000000.0,1000000
GAME,4.3,10306,Mature 17+,500000000.0,1000000
GAME,4.3,10354,Mature 17+,500000000.0,1000000
EDUCATION,4.4,748,Everyone,510000000.0,1000000
EDUCATION,4.4,7005,Everyone,69000000.0,1000000
COMMUNICATION,4.3,335646,Everyone,83000000.0,10000000
ART_AND_DESIGN,4.5,27,Everyone,170000000.0,10000
COMICS,4.5,438,Everyone,34000000.0,10000
ART_AND_DESIGN,3.9,136,Everyone,46000000.0,10000
GAME,4.4,7614130,Everyone,700000000.0,100000000
GAME,4.4,7614271,Everyone,700000000.0,100000000
EDUCATION,4.0,835,Everyone,150000000.0,100000
LIBRARIES_AND_DEMO,4.3,434,Everyone,160000000.0,100000
LIBRARIES_AND_DEMO,4.6,2580,Everyone,200000000.0,100000
LIBRARIES_AND_DEMO,4.7,831,Everyone,240000000.0,100000
HEALTH_AND_FITNESS,4.1,2469,Everyone,36000000.0,100000
ART_AND_DESIGN,4.4,1518,Everyone,370000000.0,100000
AUTO_AND_VEHICLES,4.3,348,Everyone,380000000.0,100000
ART_AND_DESIGN,4.1,223,Everyone,42000000.0,100000
FINANCE,4.4,1922,Everyone,42000000.0,100000
LIBRARIES_AND_DEMO,4.1,923,Everyone,43000000.0,100000
LIFESTYLE,4.3,601,Everyone,51000000.0,100000
ART_AND_DESIGN,4.3,845,Everyone,79000000.0,100000
LIFESTYLE,3.9,18961,Everyone,18000000.0,5000000
EDUCATION,3.8,27572,Everyone,250000000.0,5000000
LIFESTYLE,4.6,116079,Everyone,32000000.0,5000000
BOOKS_AND_REFERENCE,4.6,90468,Everyone,59000000.0,5000000
GAME,4.6,59800,Everyone,78000000.0,5000000
GAME,4.6,59854,Everyone,78000000.0,5000000
EDUCATION,4.1,358,Everyone,19000000.0,50000
EDUCATION,4.3,206,Everyone,180000000.0,50000
AUTO_AND_VEHICLES,4.0,190,Everyone,25000000.0,50000
ART_AND_DESIGN,4.1,227,Everyone,52000000.0,50000
ART_AND_DESIGN,4.4,167,Everyone,56000000.0,50000
LIFESTYLE,4.6,2167,Everyone,14000000.0,500000
LIBRARIES_AND_DEMO,3.8,912,Everyone,130000000.0,500000
LIBRARIES_AND_DEMO,4.7,2639,Everyone,190000000.0,500000
EDUCATION,4.5,1929,Everyone,25000000.0,500000
EDUCATION,4.2,3816,Everyone,26000000.0,500000
LIFESTYLE,4.3,665,Everyone,30000000.0,500000
BOOKS_AND_REFERENCE,4.6,2084,Everyone,67000000.0,500000
COMMUNICATION,4.1,29208,Everyone,230000000.0,1000000
ENTERTAINMENT,4.4,67554,Teen,77000000.0,1000000
EDUCATION,4.2,240,Everyone,290000000.0,10000
FOOD_AND_DRINK,4.0,196,Everyone 10+,90000000.0,10000
EVENTS,4.3,5839,Everyone,35000000.0,100000
HEALTH_AND_FITNESS,4.3,1288,Everyone,310000000.0,100000
HEALTH_AND_FITNESS,4.2,1608,Everyone,390000000.0,100000
EDUCATION,4.2,3692,Everyone,44000000.0,100000
GAME,4.2,17039,Everyone,49000000.0,5000000
ENTERTAINMENT,4.3,103078,Everyone,56000000.0,5000000
LIFESTYLE,3.0,4260,Everyone,63000000.0,5000000
EVENTS,4.3,456,Everyone,28000000.0,50000
FINANCE,3.9,714,Everyone,36000000.0,50000
HEALTH_AND_FITNESS,4.0,2490,Everyone 10+,38000000.0,500000
HEALTH_AND_FITNESS,4.0,2490,Everyone 10+,38000000.0,500000
HEALTH_AND_FITNESS,4.4,7586,Everyone,450000000.0,500000
HEALTH_AND_FITNESS,4.5,1203,Everyone,65000000.0,500000
BOOKS_AND_REFERENCE,4.7,21336,Everyone,230000000.0,1000000
ART_AND_DESIGN,4.4,13791,Everyone,330000000.0,1000000
HOUSE_AND_HOME,3.9,6631,Everyone,55000000.0,1000000
HOUSE_AND_HOME,4.0,4465,Everyone,58000000.0,1000000
HOUSE_AND_HOME,4.0,4450,Everyone,76000000.0,1000000
GAME,4.7,295241,Everyone,39000000.0,10000000
GAME,4.7,295305,Everyone,39000000.0,10000000
BUSINESS,4.7,286897,Everyone,390000000.0,10000000
BUSINESS,4.7,286897,Everyone,390000000.0,10000000
ART_AND_DESIGN,4.8,192,Everyone,60000000.0,10000
BUSINESS,4.8,10295,Everyone,390000000.0,100000
BUSINESS,4.8,10295,Everyone,390000000.0,100000
HOUSE_AND_HOME,3.9,1478,Everyone,57000000.0,100000
GAME,4.7,1732263,Everyone,780000000.0,50000000
BOOKS_AND_REFERENCE,4.9,2739,Everyone,210000000.0,50000
HOUSE_AND_HOME,4.0,515,Everyone,58000000.0,50000
BOOKS_AND_REFERENCE,4.6,1065,Everyone,23000000.0,500000
COMMUNICATION,4.2,10965,Everyone,23000000.0,500000
EDUCATION,4.5,14206,Everyone,210000000.0,500000
HOUSE_AND_HOME,4.1,2427,Everyone,53000000.0,500000
HEALTH_AND_FITNESS,4.2,1140,Teen,55000000.0,500000
HOUSE_AND_HOME,4.0,2382,Everyone,59000000.0,500000
EDUCATION,4.0,3847,Everyone,69000000.0,500000
EDUCATION,3.9,1239,Everyone,18000000.0,100000
LIBRARIES_AND_DEMO,4.2,3945,Everyone,94000000.0,500000
FINANCE,4.5,60449,Everyone,1000000000.0,1000000
BOOKS_AND_REFERENCE,4.4,8788,Everyone,100000000.0,1000000
BUSINESS,4.1,7149,Everyone,110000000.0,1000000
BUSINESS,4.1,7149,Everyone,110000000.0,1000000
ART_AND_DESIGN,4.4,8788,Everyone,120000000.0,1000000
ENTERTAINMENT,3.8,6979,Everyone,120000000.0,1000000
COMMUNICATION,4.3,72065,Everyone,130000000.0,1000000
HEALTH_AND_FITNESS,4.8,12705,Everyone,150000000.0,1000000
FINANCE,4.3,7215,Everyone,180000000.0,1000000
GAME,4.5,10393,Everyone,180000000.0,1000000
GAME,4.5,10434,Everyone,180000000.0,1000000
BEAUTY,4.1,9315,Everyone,26000000.0,1000000
LIFESTYLE,3.2,3031,Everyone,27000000.0,1000000
BEAUTY,3.7,3871,Everyone,230000000.0,1000000
BEAUTY,4.3,8572,Everyone,250000000.0,1000000
BUSINESS,4.4,74359,Everyone,250000000.0,1000000
BUSINESS,3.8,5211,Everyone,260000000.0,1000000
EDUCATION,4.6,9321,Everyone,270000000.0,1000000
FINANCE,4.4,21570,Everyone,270000000.0,1000000
LIBRARIES_AND_DEMO,4.0,8671,Everyone,31000000.0,1000000
EDUCATION,4.7,32346,Everyone,32000000.0,1000000
LIFESTYLE,4.4,13565,Everyone,33000000.0,1000000
ENTERTAINMENT,4.2,23666,Teen,36000000.0,1000000
COMMUNICATION,4.4,27540,Everyone,37000000.0,1000000
FINANCE,4.6,69973,Everyone,38000000.0,1000000
AUTO_AND_VEHICLES,4.3,3574,Everyone 10+,39000000.0,1000000
COMMUNICATION,4.2,15880,Everyone,320000000.0,1000000
LIBRARIES_AND_DEMO,4.1,3781,Everyone,360000000.0,1000000
HEALTH_AND_FITNESS,4.5,19074,Everyone,42000000.0,1000000
COMMUNICATION,4.1,55098,Everyone,43000000.0,1000000
EDUCATION,4.4,1090,Everyone,490000000.0,1000000
EDUCATION,4.3,16195,Everyone,52000000.0,1000000
EDUCATION,4.6,73404,Everyone,53000000.0,1000000
EDUCATION,4.7,19277,Everyone,53000000.0,1000000
BOOKS_AND_REFERENCE,4.4,22486,Teen,54000000.0,1000000
EDUCATION,4.6,25183,Everyone,54000000.0,1000000
EDUCATION,4.7,52743,Everyone,54000000.0,1000000
EDUCATION,4.7,61749,Everyone,54000000.0,1000000
COMICS,4.4,5968,Everyone,57000000.0,1000000
BUSINESS,4.3,10600,Everyone,65000000.0,1000000
EDUCATION,4.4,33646,Everyone,70000000.0,1000000
DATING,4.4,35206,Everyone,72000000.0,1000000
DATING,4.4,35205,Everyone,72000000.0,1000000
FINANCE,4.6,111254,Everyone,74000000.0,1000000
HEALTH_AND_FITNESS,4.8,31665,Everyone,84000000.0,1000000
COMMUNICATION,4.8,237468,Everyone,88000000.0,1000000
DATING,3.9,8661,Mature 17+,95000000.0,1000000
DATING,4.1,11,Mature 17+,110000000.0,1000
DATING,3.8,24,Mature 17+,190000000.0,1000
EVENTS,4.9,69,Teen,3340.0,1000
DATING,2.6,57,Everyone,62000000.0,1000
LIBRARIES_AND_DEMO,4.7,48,Everyone,69000000.0,1000
LIFESTYLE,4.0,140995,Everyone,1000000000.0,10000000
HEALTH_AND_FITNESS,4.8,220125,Everyone,110000000.0,10000000
LIFESTYLE,3.8,17368,Everyone,140000000.0,10000000
LIFESTYLE,3.7,33264,Everyone,180000000.0,10000000
HEALTH_AND_FITNESS,4.4,400592,Everyone,29000000.0,10000000
EDUCATION,4.7,314299,Everyone,33000000.0,10000000
EDUCATION,4.7,314300,Everyone,33000000.0,10000000
BUSINESS,4.4,31614,Everyone,370000000.0,10000000
BUSINESS,4.4,31614,Everyone,370000000.0,10000000
COMMUNICATION,4.3,1133501,Everyone,47000000.0,10000000
GAME,4.6,760628,Everyone,630000000.0,10000000
EDUCATION,4.5,342918,Everyone,81000000.0,10000000
HOUSE_AND_HOME,4.7,126,Everyone,19000000.0,10000
EDUCATION,4.0,304,Everyone,20000000.0,10000
COMICS,4.6,302,Teen,22000000.0,10000
EVENTS,4.2,811,Everyone,28000000.0,10000
LIFESTYLE,3.9,987,Everyone,45000000.0,10000
BEAUTY,4.5,36,Everyone,67000000.0,10000
BEAUTY,4.6,38,Everyone,71000000.0,10000
COMMUNICATION,4.3,659395,Everyone,110000000.0,100000000
COMMUNICATION,4.4,2876500,Everyone,240000000.0,100000000
COMMUNICATION,4.4,3648120,Teen,33000000.0,100000000
COMMUNICATION,4.4,3648480,Teen,33000000.0,100000000
GAME,4.3,2251012,Everyone,520000000.0,100000000
EDUCATION,4.0,2525,Everyone,12000000.0,100000
DATING,3.0,1146,Mature 17+,14000000.0,100000
ART_AND_DESIGN,4.5,5035,Everyone,110000000.0,100000
BOOKS_AND_REFERENCE,4.6,7831,Teen,150000000.0,100000
HOUSE_AND_HOME,4.3,3522,Everyone,150000000.0,100000
HOUSE_AND_HOME,3.7,2248,Everyone,150000000.0,100000
EDUCATION,4.7,2544,Everyone,180000000.0,100000
AUTO_AND_VEHICLES,4.6,2431,Everyone,24000000.0,100000
BOOKS_AND_REFERENCE,4.5,527,Everyone,29000000.0,100000
FOOD_AND_DRINK,4.6,556,Teen,230000000.0,100000
LIFESTYLE,3.9,2042,Everyone,30000000.0,100000
COMICS,4.6,279,Everyone,33000000.0,100000
AUTO_AND_VEHICLES,4.9,10479,Everyone,330000000.0,100000
BEAUTY,4.3,601,Everyone,350000000.0,100000
HEALTH_AND_FITNESS,4.2,1324,Everyone,40000000.0,100000
HEALTH_AND_FITNESS,4.2,1324,Everyone,40000000.0,100000
EVENTS,4.4,4298,Everyone,44000000.0,100000
AUTO_AND_VEHICLES,4.0,1288,Everyone,45000000.0,100000
LIFESTYLE,4.0,5208,Teen,45000000.0,100000
EDUCATION,4.1,2363,Everyone,66000000.0,100000
BUSINESS,4.7,11442,Everyone,68000000.0,100000
BUSINESS,4.7,11442,Everyone,68000000.0,100000
EDUCATION,3.5,1405,Everyone,73000000.0,100000
HOUSE_AND_HOME,4.2,809,Everyone,78000000.0,100000
BOOKS_AND_REFERENCE,4.6,4478,Everyone 10+,95000000.0,100000
DATING,3.5,2,Mature 17+,170000000.0,100
BUSINESS,4.5,207372,Everyone,110000000.0,5000000
COMMUNICATION,4.2,83239,Everyone,140000000.0,5000000
COMMUNICATION,4.2,83239,Everyone,140000000.0,5000000
EDUCATION,4.4,55256,Everyone,140000000.0,5000000
EDUCATION,4.4,55256,Everyone,140000000.0,5000000
COMMUNICATION,4.3,41420,Everyone,190000000.0,5000000
DATING,4.2,63986,Mature 17+,200000000.0,5000000
DATING,4.4,172460,Mature 17+,31000000.0,5000000
BUSINESS,4.6,188841,Everyone,32000000.0,5000000
HEALTH_AND_FITNESS,4.4,70769,Everyone,350000000.0,5000000
HEALTH_AND_FITNESS,4.4,70769,Everyone,350000000.0,5000000
HEALTH_AND_FITNESS,4.4,70769,Everyone,350000000.0,5000000
BOOKS_AND_REFERENCE,4.1,85842,Everyone,370000000.0,5000000
EDUCATION,4.5,9770,Everyone,390000000.0,5000000
HEALTH_AND_FITNESS,4.5,126017,Everyone,43000000.0,5000000
LIFESTYLE,4.3,34327,Everyone,81000000.0,5000000
LIFESTYLE,4.6,51357,Everyone,800000000.0,5000000
FINANCE,4.1,31804,Everyone,98000000.0,5000000
BEAUTY,3.8,9,Everyone,34000000.0,5000
COMICS,4.2,21,Everyone,67000000.0,5000
GAME,4.5,1135631,Teen,590000000.0,50000000
GAME,4.5,1137271,Teen,590000000.0,50000000
GAME,4.5,1137267,Teen,590000000.0,50000000
COMMUNICATION,4.6,2264916,Everyone,61000000.0,50000000
GAME,4.3,1300490,Everyone,780000000.0,50000000
EVENTS,4.6,731,Everyone,110000000.0,50000
FOOD_AND_DRINK,4.1,1268,Everyone,23000000.0,50000
EDUCATION,4.0,316,Everyone,290000000.0,50000
AUTO_AND_VEHICLES,4.6,197,Everyone,34000000.0,50000
LIBRARIES_AND_DEMO,4.5,929,Everyone,70000000.0,50000
FOOD_AND_DRINK,4.1,278,Everyone,72000000.0,50000
COMMUNICATION,4.3,4785892,Everyone,110000000.0,500000000
COMMUNICATION,4.3,4785988,Everyone,110000000.0,500000000
COMMUNICATION,4.3,4785988,Everyone,110000000.0,500000000
GAME,4.3,10485308,Everyone,240000000.0,500000000
GAME,4.3,10485334,Everyone,240000000.0,500000000
COMMUNICATION,4.5,17712922,Teen,400000000.0,500000000
COMMUNICATION,4.5,17714850,Teen,400000000.0,500000000
GAME,4.3,8118609,Everyone,620000000.0,500000000
GAME,4.3,8118937,Everyone,620000000.0,500000000
GAME,4.3,8118937,Everyone,620000000.0,500000000
EDUCATION,4.6,10611,Everyone,110000000.0,500000
LIFESTYLE,4.1,3309,Everyone,130000000.0,500000
AUTO_AND_VEHICLES,4.0,1754,Everyone,140000000.0,500000
FOOD_AND_DRINK,4.7,3803,Everyone,150000000.0,500000
AUTO_AND_VEHICLES,4.8,7021,Everyone,170000000.0,500000
COMMUNICATION,4.1,12578,Everyone,23000000.0,500000
BOOKS_AND_REFERENCE,4.6,1435,Everyone,28000000.0,500000
BEAUTY,4.4,2280,Everyone,240000000.0,500000
HEALTH_AND_FITNESS,4.3,7895,Everyone,33000000.0,500000
HEALTH_AND_FITNESS,4.3,7895,Everyone,33000000.0,500000
FINANCE,4.1,4344,Everyone,45000000.0,500000
EDUCATION,4.4,390,Everyone,410000000.0,500000
DATING,4.2,2506,Mature 17+,61000000.0,500000
LIFESTYLE,4.5,10097,Everyone,75000000.0,500000
HOUSE_AND_HOME,4.3,4435,Everyone,79000000.0,500000
HOUSE_AND_HOME,4.3,4435,Everyone,79000000.0,500000
HOUSE_AND_HOME,3.7,2758,Everyone,86000000.0,500000
FINANCE,4.6,11066,Everyone,91000000.0,500000
ART_AND_DESIGN,4.0,591,Everyone,94000000.0,500000
COMMUNICATION,4.3,192948,Everyone,66000000.0,10000000
COMMUNICATION,4.0,36901,Everyone,66000000.0,5000000
LIFESTYLE,4.3,9412,Everyone,17000000.0,1000000
COMMUNICATION,4.1,17529,Everyone,100000000.0,1000000
DATING,4.1,6701,Mature 17+,110000000.0,1000000
FOOD_AND_DRINK,3.8,22513,Everyone,110000000.0,1000000
DATING,3.6,11806,Mature 17+,120000000.0,1000000
HOUSE_AND_HOME,3.9,10117,Everyone,130000000.0,1000000
FINANCE,4.2,21996,Everyone,140000000.0,1000000
GAME,4.4,9305,Everyone,140000000.0,1000000
FINANCE,4.6,161440,Everyone,160000000.0,1000000
AUTO_AND_VEHICLES,4.6,31433,Everyone,170000000.0,1000000
COMMUNICATION,4.2,15287,Everyone,170000000.0,1000000
FOOD_AND_DRINK,4.2,8509,Everyone,170000000.0,1000000
FOOD_AND_DRINK,4.6,4925,Everyone,170000000.0,1000000
AUTO_AND_VEHICLES,4.6,5097,Everyone,190000000.0,1000000
BOOKS_AND_REFERENCE,4.4,30105,Everyone,21000000.0,1000000
COMMUNICATION,4.1,13100,Everyone,22000000.0,1000000
COMICS,4.1,12088,Mature 17+,210000000.0,1000000
EDUCATION,4.3,47847,Everyone,210000000.0,1000000
HOUSE_AND_HOME,4.1,24977,Everyone,210000000.0,1000000
EDUCATION,4.2,6736,Mature 17+,220000000.0,1000000
LIFESTYLE,4.4,13213,Everyone,220000000.0,1000000
LIFESTYLE,4.8,28588,Everyone,240000000.0,1000000
FOOD_AND_DRINK,4.0,43614,Everyone,250000000.0,1000000
FINANCE,3.6,15247,Everyone,280000000.0,1000000
HEALTH_AND_FITNESS,4.8,51227,Everyone,280000000.0,1000000
HEALTH_AND_FITNESS,4.6,48226,Everyone,280000000.0,1000000
HEALTH_AND_FITNESS,4.6,48226,Everyone,280000000.0,1000000
AUTO_AND_VEHICLES,3.7,4806,Everyone,350000000.0,1000000
ENTERTAINMENT,4.7,11661,Everyone,40000000.0,1000000
ENTERTAINMENT,4.3,64448,Mature 17+,44000000.0,1000000
ENTERTAINMENT,4.0,11656,Everyone,45000000.0,1000000
HEALTH_AND_FITNESS,4.3,26652,Everyone,410000000.0,1000000
HEALTH_AND_FITNESS,4.4,26540,Everyone,430000000.0,1000000
HEALTH_AND_FITNESS,4.4,26540,Everyone,430000000.0,1000000
HEALTH_AND_FITNESS,4.6,71269,Everyone,490000000.0,1000000
BOOKS_AND_REFERENCE,4.8,116507,Teen,50000000.0,1000000
DATING,4.2,22544,Mature 17+,59000000.0,1000000
DATING,4.2,22545,Mature 17+,59000000.0,1000000
FINANCE,4.1,70782,Everyone,500000000.0,1000000
LIFESTYLE,3.2,16168,Everyone,550000000.0,1000000
HEALTH_AND_FITNESS,4.1,18539,Everyone,570000000.0,1000000
HEALTH_AND_FITNESS,4.1,18539,Everyone,570000000.0,1000000
DATING,4.2,40035,Mature 17+,65000000.0,1000000
DATING,4.2,40039,Mature 17+,65000000.0,1000000
DATING,4.0,51698,Mature 17+,630000000.0,1000000
FINANCE,4.5,19870,Everyone,74000000.0,1000000
EDUCATION,4.8,256079,Teen,76000000.0,1000000
DATING,4.1,97684,Mature 17+,79000000.0,1000000
DATING,4.2,57081,Mature 17+,79000000.0,1000000
DATING,4.2,57083,Mature 17+,79000000.0,1000000
DATING,4.1,97699,Mature 17+,79000000.0,1000000
HOUSE_AND_HOME,3.4,3280,Everyone,770000000.0,1000000
COMMUNICATION,4.3,37320,Everyone,84000000.0,1000000
BUSINESS,3.9,16589,Everyone,91000000.0,1000000
HOUSE_AND_HOME,4.3,10054,Everyone,91000000.0,1000000
ENTERTAINMENT,4.4,17682,Everyone,97000000.0,1000000
DATING,3.5,35,Mature 17+,160000000.0,1000
DATING,3.5,35,Mature 17+,160000000.0,1000
COMICS,5.0,15,Everyone,370000000.0,1000
DATING,5.0,5,Mature 17+,44000000.0,1000
DATING,4.8,84,Mature 17+,45000000.0,1000
DATING,4.2,24,Mature 17+,49000000.0,1000
EDUCATION,4.9,11,Everyone,630000000.0,1000
COMMUNICATION,4.2,190613,Everyone,110000000.0,10000000
LIFESTYLE,4.6,161143,Everyone 10+,110000000.0,10000000
HOUSE_AND_HOME,4.5,162243,Everyone,120000000.0,10000000
HOUSE_AND_HOME,4.5,162243,Everyone,120000000.0,10000000
LIFESTYLE,4.4,95557,Everyone,160000000.0,10000000
GAME,4.4,74673,Everyone,170000000.0,10000000
EDUCATION,4.1,200058,Everyone,180000000.0,10000000
FOOD_AND_DRINK,4.7,611136,Everyone,190000000.0,10000000
GAME,4.3,42053,Everyone,240000000.0,10000000
COMMUNICATION,4.4,136662,Everyone,320000000.0,10000000
COMMUNICATION,3.9,40751,Teen,350000000.0,10000000
COMMUNICATION,4.4,615381,Mature 17+,370000000.0,10000000
GAME,3.8,270687,Teen,380000000.0,10000000
GAME,4.5,148897,Everyone,460000000.0,10000000
GAME,4.5,148895,Everyone,460000000.0,10000000
GAME,4.5,461137,Everyone,600000000.0,10000000
FOOD_AND_DRINK,3.4,109784,Everyone,640000000.0,10000000
GAME,4.4,257724,Everyone 10+,690000000.0,10000000
FINANCE,4.2,278082,Everyone,700000000.0,10000000
GAME,4.5,655067,Teen,720000000.0,10000000
ENTERTAINMENT,4.3,256664,Everyone,770000000.0,10000000
COMMUNICATION,4.0,122498,Everyone,790.0,10000000
COMMUNICATION,4.5,349384,Everyone,82000000.0,10000000
ART_AND_DESIGN,4.7,158,Everyone,110000000.0,10000
BEAUTY,4.8,104,Everyone,120000000.0,10000
LIBRARIES_AND_DEMO,4.6,130,Everyone,120000000.0,10000
ART_AND_DESIGN,4.2,117,Everyone,150000000.0,10000
LIBRARIES_AND_DEMO,4.4,58,Everyone,150000000.0,10000
DATING,3.3,149,Mature 17+,160000000.0,10000
BEAUTY,4.5,134,Everyone,170000000.0,10000
ART_AND_DESIGN,4.1,159,Everyone,190000000.0,10000
BEAUTY,4.2,30,Everyone,29000000.0,10000
BEAUTY,4.4,74,Everyone,29000000.0,10000
BEAUTY,4.1,66,Everyone,29000000.0,10000
ART_AND_DESIGN,4.7,121,Everyone,31000000.0,10000
BEAUTY,4.2,62,Everyone,31000000.0,10000
DATING,4.7,791,Mature 17+,37000000.0,10000
DATING,4.7,478,Mature 17+,45000000.0,10000
DATING,4.7,158,Mature 17+,45000000.0,10000
COMICS,4.5,144,Everyone,47000000.0,10000
DATING,4.8,110,Mature 17+,49000000.0,10000
DATING,4.8,110,Mature 17+,49000000.0,10000
DATING,4.6,185,Mature 17+,50000000.0,10000
DATING,4.6,185,Mature 17+,50000000.0,10000
DATING,2.8,80,Teen,55000000.0,10000
DATING,2.8,80,Teen,55000000.0,10000
DATING,2.8,80,Teen,55000000.0,10000
AUTO_AND_VEHICLES,4.6,534,Everyone,57000000.0,10000
COMICS,4.7,3596,Teen,78000000.0,10000
COMICS,4.7,73,Everyone,83000000.0,10000
DATING,4.1,236,Mature 17+,88000000.0,10000
DATING,1.0,1,Mature 17+,92000000.0,10
GAME,4.5,14198297,Everyone,520000000.0,100000000
GAME,4.5,14198602,Everyone,520000000.0,100000000
GAME,4.5,14200344,Everyone,520000000.0,100000000
GAME,4.5,5465624,Teen,530000000.0,100000000
GAME,4.5,3197865,Everyone,820000000.0,100000000
AUTO_AND_VEHICLES,3.2,250,Everyone,11000000.0,100000
ART_AND_DESIGN,4.5,176,Everyone,100000000.0,100000
COMICS,3.9,2181,Teen,100000000.0,100000
FOOD_AND_DRINK,4.6,1398,Everyone 10+,100000000.0,100000
ART_AND_DESIGN,4.1,654,Everyone,120000000.0,100000
BOOKS_AND_REFERENCE,4.2,860,Everyone,130000000.0,100000
HOUSE_AND_HOME,4.5,7619,Everyone,130000000.0,100000
LIFESTYLE,4.2,3448,Everyone,130000000.0,100000
LIFESTYLE,4.4,3114,Everyone,130000000.0,100000
BEAUTY,4.6,4369,Everyone,140000000.0,100000
LIFESTYLE,4.5,3346,Teen,140000000.0,100000
HOUSE_AND_HOME,3.8,491,Everyone,150000000.0,100000
LIFESTYLE,4.7,2225,Everyone,150000000.0,100000
EDUCATION,4.2,3241,Everyone,160000000.0,100000
FOOD_AND_DRINK,4.5,454,Everyone,160000000.0,100000
FOOD_AND_DRINK,4.0,1077,Everyone,170000000.0,100000
EDUCATION,4.3,423,Everyone,210000000.0,100000
LIBRARIES_AND_DEMO,4.5,1703,Everyone,220000000.0,100000
AUTO_AND_VEHICLES,4.2,367,Everyone,250000000.0,100000
DATING,3.8,5164,Mature 17+,250000000.0,100000
DATING,3.8,5164,Mature 17+,250000000.0,100000
DATING,3.8,5168,Mature 17+,250000000.0,100000
HOUSE_AND_HOME,4.0,4281,Everyone,270000000.0,100000
BUSINESS,4.6,822,Everyone,31000000.0,100000
BOOKS_AND_REFERENCE,4.4,1322,Everyone,35000000.0,100000
BOOKS_AND_REFERENCE,3.4,1680,Everyone,40000000.0,100000
DATING,4.1,2212,Mature 17+,410000000.0,100000
DATING,4.1,2212,Mature 17+,410000000.0,100000
AUTO_AND_VEHICLES,4.3,138,Everyone,54000000.0,100000
ART_AND_DESIGN,4.1,203,Everyone,61000000.0,100000
BEAUTY,4.0,364,Everyone,64000000.0,100000
LIBRARIES_AND_DEMO,4.3,1465,Everyone,70000000.0,100000
COMICS,3.2,1446,Mature 17+,71000000.0,100000
BUSINESS,4.7,4162,Everyone,75000000.0,100000
FOOD_AND_DRINK,4.7,2707,Everyone,89000000.0,100000
ART_AND_DESIGN,4.2,1120,Everyone,92000000.0,100000
EVENTS,4.0,3782,Everyone,95000000.0,100000
LIBRARIES_AND_DEMO,4.5,399,Everyone,95000000.0,100000
DATING,3.0,2,Mature 17+,160000000.0,100
DATING,4.7,6,Mature 17+,49000000.0,100
DATING,4.7,6,Mature 17+,49000000.0,100
DATING,5.0,6,Mature 17+,50000000.0,100
DATING,5.0,5,Mature 17+,50000000.0,100
DATING,4.3,6,Mature 17+,90000000.0,100
GAME,4.5,531458,Everyone,1000000000.0,5000000
COMMUNICATION,4.2,104990,Everyone,100000000.0,5000000
FINANCE,4.0,48445,Everyone,100000000.0,5000000
BUSINESS,4.0,8941,Everyone,120000000.0,5000000
COMICS,3.2,93965,Teen,150000000.0,5000000
HEALTH_AND_FITNESS,4.5,121838,Everyone,150000000.0,5000000
ENTERTAINMENT,4.6,50725,Everyone,190000000.0,5000000
BUSINESS,4.3,29313,Everyone,200000000.0,5000000
BUSINESS,4.3,29313,Everyone,200000000.0,5000000
COMMUNICATION,4.2,33053,Everyone,220000000.0,5000000
GAME,4.3,18985,Everyone,230000000.0,5000000
COMMUNICATION,4.6,191032,Everyone,260000000.0,5000000
HEALTH_AND_FITNESS,4.5,60096,Teen,270000000.0,5000000
LIFESTYLE,4.4,39364,Everyone,280000000.0,5000000
AUTO_AND_VEHICLES,4.8,116986,Everyone,350000000.0,5000000
ART_AND_DESIGN,4.3,194216,Everyone,390000000.0,5000000
COMMUNICATION,4.2,88427,Everyone,51000000.0,5000000
ENTERTAINMENT,4.2,10291,Teen,65000000.0,5000000
AUTO_AND_VEHICLES,4.2,52530,Everyone,70000000.0,5000000
HOUSE_AND_HOME,4.1,65913,Everyone,77000000.0,5000000
HEALTH_AND_FITNESS,4.6,109756,Everyone,780000000.0,5000000
ART_AND_DESIGN,4.7,87510,Everyone,87000000.0,5000000
BEAUTY,4.3,18,Everyone,32000000.0,5000
COMICS,3.3,125,Teen,47000000.0,5000
DATING,4.8,125,Mature 17+,47000000.0,5000
DATING,4.8,125,Mature 17+,47000000.0,5000
DATING,4.9,776,Mature 17+,49000000.0,5000
GAME,4.5,946926,Everyone,570000000.0,50000000
GAME,4.5,946926,Everyone,570000000.0,50000000
BUSINESS,4.1,308,Everyone,140000000.0,50000
ART_AND_DESIGN,3.8,178,Everyone,190000000.0,50000
COMICS,4.4,1006,Everyone,190000000.0,50000
LIFESTYLE,4.2,894,Everyone,250000000.0,50000
DATING,3.9,742,Mature 17+,260000000.0,50000
EVENTS,3.7,100,Everyone,270000000.0,50000
DATING,4.8,5323,Mature 17+,35000000.0,50000
BEAUTY,4.1,187,Teen,300000000.0,50000
BEAUTY,4.4,75,Everyone,42000000.0,50000
BEAUTY,4.7,257,Everyone,46000000.0,50000
HEALTH_AND_FITNESS,4.6,623,Everyone 10+,400000000.0,50000
HOUSE_AND_HOME,4.3,273,Everyone,70000000.0,50000
HEALTH_AND_FITNESS,3.5,217,Teen,94000000.0,50000
HEALTH_AND_FITNESS,3.5,217,Teen,94000000.0,50000
LIBRARIES_AND_DEMO,4.3,411,Everyone,950000000.0,50000
LIBRARIES_AND_DEMO,4.6,539,Everyone,990000000.0,50000
ART_AND_DESIGN,3.9,967,Everyone,140000000.0,500000
BOOKS_AND_REFERENCE,4.6,4620,Everyone,190000000.0,500000
DATING,2.5,5377,Mature 17+,190000000.0,500000
DATING,2.5,5377,Mature 17+,190000000.0,500000
AUTO_AND_VEHICLES,4.4,2680,Everyone,22000000.0,500000
BEAUTY,3.9,1739,Everyone,210000000.0,500000
BEAUTY,3.9,2277,Everyone,220000000.0,500000
LIBRARIES_AND_DEMO,4.4,7396,Everyone,220000000.0,500000
HEALTH_AND_FITNESS,4.0,2894,Everyone 10+,230000000.0,500000
LIFESTYLE,4.7,20304,Everyone,240000000.0,500000
LIFESTYLE,4.7,20304,Everyone,240000000.0,500000
ART_AND_DESIGN,4.7,20260,Everyone,250000000.0,500000
COMICS,4.7,2249,Everyone,320000000.0,500000
ART_AND_DESIGN,4.7,7699,Everyone 10+,42000000.0,500000
DATING,4.1,17268,Mature 17+,400000000.0,500000
DATING,4.1,17268,Mature 17+,400000000.0,500000
HEALTH_AND_FITNESS,4.5,7976,Everyone,440000000.0,500000
BUSINESS,4.6,4159,Everyone,480000000.0,500000
BUSINESS,4.6,4159,Everyone,480000000.0,500000
DATING,4.0,13440,Mature 17+,490000000.0,500000
EDUCATION,4.8,4075,Everyone,51000000.0,500000
HEALTH_AND_FITNESS,4.4,465,Everyone,64000000.0,500000
HEALTH_AND_FITNESS,4.1,2681,Everyone,65000000.0,500000
BOOKS_AND_REFERENCE,4.7,967,Everyone,67000000.0,500000
BOOKS_AND_REFERENCE,4.5,26875,Everyone,730000000.0,500000
DATING,4.4,41605,Mature 17+,81000000.0,500000
FOOD_AND_DRINK,3.8,3320,Everyone,84000000.0,500000
HEALTH_AND_FITNESS,4.5,14394,Everyone,99000000.0,500000
DATING,4.4,28,Everyone,34000000.0,500
DATING,4.4,28,Everyone,34000000.0,500
DATING,4.8,20,Mature 17+,49000000.0,500
DATING,4.7,18,Mature 17+,50000000.0,500
DATING,3.0,1,Mature 17+,55000000.0,500
DATING,5.0,5,Teen,93000000.0,500
GAME,4.5,27722264,Everyone 10+,760000000.0,1000000000
GAME,4.5,27723193,Everyone 10+,760000000.0,1000000000
GAME,4.5,27724094,Everyone 10+,760000000.0,1000000000
EDUCATION,4.6,32381,Everyone 10+,100000000.0,1000000
EDUCATION,4.6,32380,Everyone 10+,100000000.0,1000000
FINANCE,4.2,6148,Everyone,100000000.0,1000000
FINANCE,4.3,25166,Everyone,110000000.0,1000000
HEALTH_AND_FITNESS,4.7,50294,Everyone,110000000.0,1000000
EVENTS,4.0,20611,Teen,120000000.0,1000000
DATING,3.5,1972,Mature 17+,130000000.0,1000000
EDUCATION,4.1,16103,Everyone,130000000.0,1000000
ENTERTAINMENT,4.5,12216,Teen,130000000.0,1000000
FOOD_AND_DRINK,4.6,32997,Everyone,130000000.0,1000000
HEALTH_AND_FITNESS,4.3,4848,Everyone,130000000.0,1000000
LIFESTYLE,4.5,7457,Teen,130000000.0,1000000
LIFESTYLE,4.1,49147,Everyone,130000000.0,1000000
BEAUTY,4.9,49790,Everyone,140000000.0,1000000
BUSINESS,4.1,6903,Everyone,140000000.0,1000000
EDUCATION,4.3,55704,Everyone,150000000.0,1000000
ENTERTAINMENT,4.4,37000,Mature 17+,150000000.0,1000000
BUSINESS,3.9,45964,Everyone,160000000.0,1000000
BOOKS_AND_REFERENCE,4.3,17506,Everyone,170000000.0,1000000
EDUCATION,4.2,8599,Everyone,170000000.0,1000000
EDUCATION,4.2,8599,Everyone,170000000.0,1000000
ENTERTAINMENT,4.5,23063,Everyone,170000000.0,1000000
COMMUNICATION,3.6,20769,Everyone,180000000.0,1000000
EDUCATION,4.5,10852,Everyone,180000000.0,1000000
HEALTH_AND_FITNESS,4.6,24094,Everyone,180000000.0,1000000
HEALTH_AND_FITNESS,4.6,24094,Everyone,180000000.0,1000000
HOUSE_AND_HOME,4.0,6000,Everyone,180000000.0,1000000
BOOKS_AND_REFERENCE,3.3,1862,Everyone,190000000.0,1000000
BUSINESS,4.2,46505,Everyone,190000000.0,1000000
BUSINESS,4.2,46505,Everyone,190000000.0,1000000
LIFESTYLE,3.9,7376,Everyone,190000000.0,1000000
FINANCE,4.7,167168,Everyone,200000000.0,1000000
BOOKS_AND_REFERENCE,4.8,47303,Everyone,210000000.0,1000000
DATING,4.4,222888,Mature 17+,210000000.0,1000000
DATING,4.4,222888,Mature 17+,210000000.0,1000000
FINANCE,4.4,42809,Everyone,230000000.0,1000000
FINANCE,4.3,14627,Everyone,230000000.0,1000000
LIFESTYLE,4.4,3829,Everyone,230000000.0,1000000
COMICS,4.7,57106,Teen,270000000.0,1000000
ART_AND_DESIGN,4.4,13880,Everyone,280000000.0,1000000
BUSINESS,4.2,16422,Everyone,280000000.0,1000000
BUSINESS,4.2,16422,Everyone,280000000.0,1000000
HEALTH_AND_FITNESS,4.6,20326,Teen,280000000.0,1000000
DATING,4.4,12632,Mature 17+,290000000.0,1000000
DATING,4.4,12632,Mature 17+,290000000.0,1000000
DATING,4.4,12633,Mature 17+,290000000.0,1000000
LIFESTYLE,4.2,10944,Everyone,360000000.0,1000000
EDUCATION,4.6,56065,Everyone,370000000.0,1000000
AUTO_AND_VEHICLES,4.9,197136,Everyone,380000000.0,1000000
DATING,4.1,15081,Mature 17+,380000000.0,1000000
FINANCE,4.1,15192,Everyone,380000000.0,1000000
FINANCE,4.5,64959,Everyone,390000000.0,1000000
FOOD_AND_DRINK,3.6,14952,Everyone,390000000.0,1000000
FINANCE,4.4,43313,Everyone,400000000.0,1000000
BUSINESS,4.3,23175,Everyone,410000000.0,1000000
BUSINESS,4.3,23175,Everyone,410000000.0,1000000
BUSINESS,4.3,23175,Everyone,410000000.0,1000000
HEALTH_AND_FITNESS,4.4,57634,Everyone,410000000.0,1000000
COMMUNICATION,4.6,183374,Everyone,440000000.0,1000000
DATING,4.3,37053,Mature 17+,440000000.0,1000000
LIFESTYLE,4.5,10544,Everyone,440000000.0,1000000
FINANCE,3.6,10697,Everyone,460000000.0,1000000
EDUCATION,4.6,37862,Everyone,54000000.0,1000000
EDUCATION,4.6,37862,Everyone,54000000.0,1000000
HEALTH_AND_FITNESS,4.4,20547,Everyone,57000000.0,1000000
HEALTH_AND_FITNESS,4.4,20547,Everyone,57000000.0,1000000
GAME,4.1,15763,Everyone,540000000.0,1000000
AUTO_AND_VEHICLES,4.0,1598,Everyone,560000000.0,1000000
HEALTH_AND_FITNESS,4.5,27393,Mature 17+,590000000.0,1000000
HEALTH_AND_FITNESS,4.5,27396,Mature 17+,590000000.0,1000000
HEALTH_AND_FITNESS,4.5,27396,Mature 17+,590000000.0,1000000
DATING,3.5,13202,Mature 17+,61000000.0,1000000
DATING,3.5,13204,Mature 17+,61000000.0,1000000
HEALTH_AND_FITNESS,4.7,15674,Everyone,61000000.0,1000000
EDUCATION,4.6,75112,Everyone,65000000.0,1000000
HEALTH_AND_FITNESS,4.8,31139,Everyone,69000000.0,1000000
GAME,4.6,48256,Everyone,620000000.0,1000000
COMMUNICATION,4.1,20901,Everyone,73000000.0,1000000
AUTO_AND_VEHICLES,4.3,38846,Everyone,86000000.0,1000000
GAME,4.5,29940,Everyone,800000000.0,1000000
EDUCATION,4.4,56897,Everyone,970000000.0,1000000
EDUCATION,4.7,21,Everyone,440000000.0,1000
EVENTS,4.8,28,Everyone,63000000.0,1000
DATING,4.5,212626,Mature 17+,110000000.0,10000000
DATING,4.5,212626,Mature 17+,110000000.0,10000000
ENTERTAINMENT,4.3,296771,Teen,110000000.0,10000000
ENTERTAINMENT,4.3,296829,Teen,110000000.0,10000000
ENTERTAINMENT,4.3,296771,Teen,110000000.0,10000000
ENTERTAINMENT,3.8,92058,Teen,120000000.0,10000000
ENTERTAINMENT,3.8,92058,Teen,120000000.0,10000000
ENTERTAINMENT,4.5,235496,Everyone,130000000.0,10000000
BUSINESS,4.5,103755,Everyone,140000000.0,10000000
BUSINESS,4.5,103755,Everyone,140000000.0,10000000
DATING,4.1,285726,Mature 17+,150000000.0,10000000
DATING,4.1,285726,Mature 17+,150000000.0,10000000
COMMUNICATION,4.3,125257,Teen,170000000.0,10000000
BUSINESS,4.4,62272,Everyone,180000000.0,10000000
EDUCATION,4.6,181893,Everyone 10+,180000000.0,10000000
EDUCATION,4.6,181893,Everyone 10+,180000000.0,10000000
EDUCATION,4.6,181893,Everyone 10+,180000000.0,10000000
ART_AND_DESIGN,4.2,44829,Teen,200000000.0,10000000
COMMUNICATION,4.4,483565,Everyone,200000000.0,10000000
ENTERTAINMENT,4.5,736864,Teen,200000000.0,10000000
HEALTH_AND_FITNESS,4.8,570242,Everyone,200000000.0,10000000
DATING,4.2,243950,Mature 17+,210000000.0,10000000
GAME,4.7,254258,Everyone,230000000.0,10000000
ART_AND_DESIGN,4.7,174531,Everyone,240000000.0,10000000
HEALTH_AND_FITNESS,4.6,548021,Everyone,270000000.0,10000000
COMMUNICATION,4.4,552441,Everyone,290000000.0,10000000
FOOD_AND_DRINK,4.4,321134,Everyone,300000000.0,10000000
ART_AND_DESIGN,4.6,224399,Everyone,310000000.0,10000000
GAME,4.6,101686,Everyone,310000000.0,10000000
ENTERTAINMENT,3.8,87723,Teen,320000000.0,10000000
FINANCE,4.5,381788,Everyone,320000000.0,10000000
LIFESTYLE,4.3,95904,Everyone,330000000.0,10000000
LIFESTYLE,4.3,95905,Everyone,330000000.0,10000000
FINANCE,4.5,1336246,Everyone,390000000.0,10000000
LIFESTYLE,4.6,815893,Everyone,44000000.0,10000000
GAME,4.4,98123,Teen,400000000.0,10000000
GAME,4.3,118253,Teen,400000000.0,10000000
COMMUNICATION,3.9,13698,Everyone,51000000.0,10000000
LIBRARIES_AND_DEMO,4.2,130272,Everyone,500000000.0,10000000
EDUCATION,4.4,148550,Everyone,590000000.0,10000000
EDUCATION,4.4,148549,Everyone,590000000.0,10000000
HEALTH_AND_FITNESS,4.7,117925,Everyone,70000000.0,10000000
BOOKS_AND_REFERENCE,4.1,363934,Everyone,71000000.0,10000000
GAME,4.1,84911,Everyone,710000000.0,10000000
GAME,4.2,46416,Everyone,730000000.0,10000000
GAME,4.7,990491,Everyone,750000000.0,10000000
GAME,4.7,990586,Everyone,750000000.0,10000000
GAME,3.4,148177,Everyone,780000000.0,10000000
GAME,4.1,68057,Everyone,850000000.0,10000000
GAME,4.2,145353,Teen,850000000.0,10000000
GAME,4.8,230710,Everyone,870000000.0,10000000
GAME,4.8,230727,Everyone,870000000.0,10000000
GAME,4.8,230727,Everyone,870000000.0,10000000
COMICS,4.4,757,Teen,100000000.0,10000
ART_AND_DESIGN,4.2,26,Everyone,120000000.0,10000
DATING,2.9,53,Mature 17+,140000000.0,10000
DATING,3.7,101,Mature 17+,150000000.0,10000
BEAUTY,4.6,184,Everyone,210000000.0,10000
DATING,4.4,667,Mature 17+,270000000.0,10000
DATING,4.0,738,Mature 17+,270000000.0,10000
DATING,3.6,143,Mature 17+,270000000.0,10000
DATING,4.4,218,Mature 17+,270000000.0,10000
DATING,4.4,218,Mature 17+,270000000.0,10000
DATING,4.4,198,Mature 17+,280000000.0,10000
ART_AND_DESIGN,4.7,353,Teen,42000000.0,10000
HOUSE_AND_HOME,4.7,114,Teen,83000000.0,10000
GAME,4.5,6074334,Teen,1000000000.0,100000000
GAME,4.3,1295557,Everyone,110000000.0,100000000
GAME,4.3,1295606,Everyone,110000000.0,100000000
GAME,4.2,1497361,Everyone,330000000.0,100000000
GAME,4.2,1498648,Everyone,330000000.0,100000000
GAME,4.2,1499373,Everyone,330000000.0,100000000
BUSINESS,4.3,1002861,Everyone,350000000.0,100000000
BUSINESS,4.3,1002859,Everyone,350000000.0,100000000
GAME,4.5,1385093,Everyone,350000000.0,100000000
GAME,4.2,685981,Everyone,370000000.0,100000000
GAME,4.4,2610526,Everyone,460000000.0,100000000
GAME,4.4,2610622,Everyone,460000000.0,100000000
GAME,4.4,2123381,Everyone,490000000.0,100000000
ENTERTAINMENT,3.7,1828284,Everyone,520000000.0,100000000
GAME,4.5,5387639,Everyone,530000000.0,100000000
ENTERTAINMENT,4.3,1633682,Everyone,570000000.0,100000000
GAME,4.5,4447388,Everyone 10+,670000000.0,100000000
GAME,4.4,6198563,Everyone,670000000.0,100000000
GAME,4.5,4447346,Everyone 10+,670000000.0,100000000
GAME,4.4,6198880,Everyone,670000000.0,100000000
GAME,4.5,4448791,Everyone 10+,670000000.0,100000000
GAME,4.4,4066989,Everyone 10+,690000000.0,100000000
GAME,4.4,4066980,Everyone 10+,690000000.0,100000000
GAME,4.5,3778921,Everyone,750000000.0,100000000
GAME,4.6,2698348,Everyone,780000000.0,100000000
GAME,4.5,6427773,Everyone,950000000.0,100000000
GAME,4.6,23133508,Everyone 10+,970000000.0,100000000
GAME,4.4,5566669,Everyone,970000000.0,100000000
GAME,4.6,23134775,Everyone 10+,970000000.0,100000000
GAME,4.4,5566805,Everyone,970000000.0,100000000
GAME,4.6,44891723,Everyone 10+,980000000.0,100000000
GAME,4.6,44891723,Everyone 10+,980000000.0,100000000
GAME,4.5,9881829,Everyone,990000000.0,100000000
GAME,4.5,9881908,Everyone,990000000.0,100000000
ART_AND_DESIGN,3.8,2206,Everyone,12000000.0,100000
ART_AND_DESIGN,4.2,1015,Everyone,110000000.0,100000
EDUCATION,4.5,756,Everyone,120000000.0,100000
ENTERTAINMENT,4.3,1511,Everyone,120000000.0,100000
ART_AND_DESIGN,4.0,450,Everyone,140000000.0,100000
DATING,3.5,894,Mature 17+,140000000.0,100000
HEALTH_AND_FITNESS,4.4,11506,Everyone,150000000.0,100000
HEALTH_AND_FITNESS,4.4,11506,Everyone,150000000.0,100000
COMMUNICATION,4.4,2939,Everyone,170000000.0,100000
AUTO_AND_VEHICLES,4.5,994,Everyone,29000000.0,100000
FINANCE,4.5,8188,Everyone,220000000.0,100000
FINANCE,4.5,8188,Everyone,220000000.0,100000
FOOD_AND_DRINK,4.4,1962,Everyone,220000000.0,100000
BUSINESS,4.4,1225,Everyone,250000000.0,100000
ART_AND_DESIGN,4.6,1070,Everyone,260000000.0,100000
DATING,3.9,852,Mature 17+,270000000.0,100000
DATING,3.9,853,Mature 17+,270000000.0,100000
DATING,4.1,535,Mature 17+,280000000.0,100000
DATING,4.1,537,Mature 17+,280000000.0,100000
EDUCATION,4.3,1516,Everyone,39000000.0,100000
AUTO_AND_VEHICLES,4.3,542,Everyone,330000000.0,100000
AUTO_AND_VEHICLES,3.9,129,Everyone,350000000.0,100000
DATING,4.2,5152,Mature 17+,380000000.0,100000
BOOKS_AND_REFERENCE,4.5,418,Everyone,42000000.0,100000
COMICS,4.7,1677,Everyone,400000000.0,100000
HEALTH_AND_FITNESS,4.6,4642,Everyone,400000000.0,100000
FOOD_AND_DRINK,3.7,731,Everyone,430000000.0,100000
DATING,4.1,923,Mature 17+,440000000.0,100000
HEALTH_AND_FITNESS,4.5,644,Everyone,55000000.0,100000
DATING,2.5,277,Mature 17+,57000000.0,100000
ENTERTAINMENT,4.6,3771,Mature 17+,530000000.0,100000
AUTO_AND_VEHICLES,4.2,129,Everyone,540000000.0,100000
DATING,4.1,2556,Mature 17+,560000000.0,100000
DATING,4.1,2556,Mature 17+,560000000.0,100000
DATING,4.1,2560,Mature 17+,560000000.0,100000
AUTO_AND_VEHICLES,3.8,284,Everyone,570000000.0,100000
EVENTS,4.4,663,Everyone,60000000.0,100000
COMICS,4.5,314,Everyone,61000000.0,100000
HEALTH_AND_FITNESS,4.7,2071,Everyone,69000000.0,100000
HEALTH_AND_FITNESS,4.6,2880,Everyone,71000000.0,100000
AUTO_AND_VEHICLES,4.5,3617,Everyone,79000000.0,100000
ART_AND_DESIGN,4.2,85,Everyone,80000000.0,100000
BUSINESS,4.5,3079,Everyone,85000000.0,100000
BUSINESS,4.5,3079,Everyone,85000000.0,100000
BUSINESS,4.6,5800,Everyone,86000000.0,100000
BUSINESS,4.6,5800,Everyone,86000000.0,100000
AUTO_AND_VEHICLES,4.5,737,Everyone,89000000.0,100000
EVENTS,4.4,464,Everyone,89000000.0,100000
EVENTS,4.5,1065,Everyone,90000000.0,100000
ART_AND_DESIGN,3.8,564,Everyone,92000000.0,100000
HEALTH_AND_FITNESS,4.5,706,Everyone,94000000.0,100000
DATING,4.2,5084,Mature 17+,96000000.0,100000
ENTERTAINMENT,4.2,2442,Teen,96000000.0,100000
BEAUTY,4.7,1150,Everyone,98000000.0,100000
HEALTH_AND_FITNESS,4.3,5499,Everyone,940000000.0,100000
DATING,5.0,3,Mature 17+,250000000.0,100
COMMUNICATION,4.4,93825,Everyone,110000000.0,5000000
DATING,4.5,61637,Mature 17+,110000000.0,5000000
DATING,4.5,61637,Mature 17+,110000000.0,5000000
FOOD_AND_DRINK,4.1,32405,Everyone,120000000.0,5000000
EDUCATION,4.6,172640,Everyone,140000000.0,5000000
COMMUNICATION,4.3,30209,Everyone,150000000.0,5000000
COMMUNICATION,4.5,205739,Everyone,170000000.0,5000000
ENTERTAINMENT,4.1,58028,Teen,170000000.0,5000000
FOOD_AND_DRINK,4.3,37517,Everyone,170000000.0,5000000
ENTERTAINMENT,4.2,32458,Everyone,180000000.0,5000000
EDUCATION,4.6,85375,Everyone,210000000.0,5000000
EDUCATION,4.6,85375,Everyone,210000000.0,5000000
EDUCATION,4.6,85375,Everyone,210000000.0,5000000
BOOKS_AND_REFERENCE,4.1,91615,Mature 17+,230000000.0,5000000
HEALTH_AND_FITNESS,4.4,70416,Everyone,230000000.0,5000000
GAME,4.7,141529,Everyone 10+,240000000.0,5000000
HOUSE_AND_HOME,4.4,23013,Everyone,260000000.0,5000000
EDUCATION,4.7,254519,Everyone,270000000.0,5000000
LIFESTYLE,4.1,78298,Everyone,290000000.0,5000000
HEALTH_AND_FITNESS,4.6,205299,Everyone,310000000.0,5000000
HEALTH_AND_FITNESS,4.6,205299,Everyone,310000000.0,5000000
LIFESTYLE,4.1,18968,Teen,320000000.0,5000000
GAME,4.2,70226,Everyone,380000000.0,5000000
EDUCATION,4.4,84309,Everyone,410000000.0,5000000
EDUCATION,4.4,84311,Everyone,410000000.0,5000000
DATING,3.1,31320,Mature 17+,530000000.0,5000000
BUSINESS,4.2,30847,Everyone,550000000.0,5000000
HEALTH_AND_FITNESS,4.2,270267,Everyone,580000000.0,5000000
HEALTH_AND_FITNESS,4.2,270294,Everyone,580000000.0,5000000
HEALTH_AND_FITNESS,4.2,270294,Everyone,580000000.0,5000000
EDUCATION,4.7,142632,Everyone,69000000.0,5000000
FINANCE,4.6,87951,Everyone,680000000.0,5000000
DATING,4.5,182986,Mature 17+,770000000.0,5000000
DATING,4.5,182986,Mature 17+,770000000.0,5000000
FINANCE,4.2,112656,Everyone,930000000.0,5000000
DATING,4.7,14,Mature 17+,210000000.0,5000
ENTERTAINMENT,4.2,411683,Teen,240000000.0,50000000
GAME,4.2,369203,Everyone,240000000.0,50000000
GAME,4.6,4578476,Everyone 10+,240000000.0,50000000
ENTERTAINMENT,4.2,613059,Everyone,250000000.0,50000000
GAME,4.2,422244,Teen,320000000.0,50000000
GAME,4.2,360630,Everyone,400000000.0,50000000
ENTERTAINMENT,4.2,702975,Everyone,490000000.0,50000000
COMICS,4.1,1010,Mature 17+,110000000.0,50000
FOOD_AND_DRINK,3.7,61,Everyone,110000000.0,50000
FOOD_AND_DRINK,4.8,1250,Everyone,130000000.0,50000
BUSINESS,4.2,296,Everyone,140000000.0,50000
BUSINESS,4.2,296,Everyone,140000000.0,50000
COMICS,3.9,834,Mature 17+,150000000.0,50000
ART_AND_DESIGN,4.7,118,Everyone,230000000.0,50000
EVENTS,4.5,2153,Everyone,59000000.0,50000
HEALTH_AND_FITNESS,4.6,199,Everyone,88000000.0,50000
GAME,4.4,22426677,Everyone,740000000.0,500000000
GAME,4.4,22428456,Everyone,740000000.0,500000000
GAME,4.4,22428456,Everyone,740000000.0,500000000
HOUSE_AND_HOME,4.6,2669,Teen,100000000.0,500000
FINANCE,4.4,5950,Everyone,120000000.0,500000
LIFESTYLE,4.1,6808,Teen,120000000.0,500000
LIFESTYLE,4.1,6808,Teen,120000000.0,500000
DATING,4.6,13046,Mature 17+,130000000.0,500000
DATING,3.9,8722,Mature 17+,130000000.0,500000
DATING,4.3,2430,Mature 17+,130000000.0,500000
DATING,4.6,13049,Mature 17+,130000000.0,500000
DATING,3.9,8723,Mature 17+,130000000.0,500000
DATING,4.3,2433,Mature 17+,130000000.0,500000
DATING,4.4,7888,Mature 17+,150000000.0,500000
BUSINESS,3.8,5868,Everyone,200000000.0,500000
BUSINESS,3.8,5868,Everyone,200000000.0,500000
HEALTH_AND_FITNESS,4.6,5420,Everyone,210000000.0,500000
DATING,4.1,11633,Mature 17+,230000000.0,500000
DATING,4.1,11633,Mature 17+,230000000.0,500000
DATING,4.0,6191,Mature 17+,270000000.0,500000
DATING,3.3,1601,Mature 17+,38000000.0,500000
BUSINESS,4.5,4458,Everyone,39000000.0,500000
HEALTH_AND_FITNESS,4.5,6238,Everyone,39000000.0,500000
DATING,3.9,1643,Mature 17+,310000000.0,500000
DATING,3.9,1645,Mature 17+,310000000.0,500000
FINANCE,4.6,16961,Everyone,320000000.0,500000
HOUSE_AND_HOME,4.4,6896,Everyone,350000000.0,500000
COMICS,4.5,9952,Everyone 10+,380000000.0,500000
HEALTH_AND_FITNESS,4.5,9116,Everyone,40000000.0,500000
COMICS,4.6,24005,Adults only 18+,49000000.0,500000
ART_AND_DESIGN,4.7,3632,Everyone,55000000.0,500000
BEAUTY,4.2,2225,Everyone,520000000.0,500000
DATING,3.6,3414,Mature 17+,62000000.0,500000
EVENTS,4.5,7074,Everyone,63000000.0,500000
FOOD_AND_DRINK,4.7,14065,Everyone,71000000.0,500000
LIFESTYLE,3.8,6554,Teen,760000000.0,500000
LIBRARIES_AND_DEMO,3.2,1919,Everyone,81000000.0,500000
DATING,4.3,23170,Mature 17+,90000000.0,500000
HOUSE_AND_HOME,3.6,4087,Everyone,92000000.0,500000
DATING,3.4,5,Mature 17+,140000000.0,500
COMICS,4.2,15194,Teen,150000000.0,1000000
DATING,4.1,4953,Teen,150000000.0,1000000
DATING,4.1,4954,Teen,150000000.0,1000000
HOUSE_AND_HOME,4.2,7573,Everyone,180000000.0,1000000
FINANCE,4.5,78361,Everyone,220000000.0,1000000
FINANCE,4.2,11264,Everyone,240000000.0,1000000
EDUCATION,4.9,133136,Everyone,260000000.0,1000000
ART_AND_DESIGN,4.1,36815,Everyone,290000000.0,1000000
AUTO_AND_VEHICLES,4.4,15168,Everyone,370000000.0,1000000
HEALTH_AND_FITNESS,4.4,12029,Everyone,43000000.0,1000000
ENTERTAINMENT,4.4,46916,Everyone,45000000.0,1000000
FOOD_AND_DRINK,3.5,10741,Everyone,410000000.0,1000000
FINANCE,4.0,12073,Everyone,420000000.0,1000000
FINANCE,4.6,23130,Everyone,460000000.0,1000000
BOOKS_AND_REFERENCE,4.4,51269,Everyone,61000000.0,1000000
LIFESTYLE,4.0,6676,Everyone,62000000.0,1000000
EVENTS,4.8,12,Everyone 10+,290000000.0,1000
HEALTH_AND_FITNESS,4.9,272337,Everyone,130000000.0,10000000
FOOD_AND_DRINK,4.0,292969,Everyone,160000000.0,10000000
COMMUNICATION,4.1,132014,Everyone,250000000.0,10000000
ENTERTAINMENT,4.6,22508,Everyone,33000000.0,10000000
BOOKS_AND_REFERENCE,4.4,341157,Everyone 10+,300000000.0,10000000
HEALTH_AND_FITNESS,4.6,77563,Everyone,390000000.0,10000000
HEALTH_AND_FITNESS,4.6,77563,Everyone,390000000.0,10000000
FINANCE,4.2,957973,Everyone,400000000.0,10000000
BUSINESS,4.4,380837,Everyone,73000000.0,10000000
FOOD_AND_DRINK,4.5,131569,Everyone,82000000.0,10000000
EVENTS,4.6,99,Everyone,130000000.0,10000
DATING,4.0,187,Mature 17+,190000000.0,10000
COMICS,4.4,39,Everyone 10+,43000000.0,10000
ENTERTAINMENT,4.3,303,Teen,440000000.0,10000
LIBRARIES_AND_DEMO,4.3,6,Everyone,55000000.0,10000
GAME,4.4,8923587,Everyone,630000000.0,100000000
EVENTS,4.6,3874,Everyone,140000000.0,100000
AUTO_AND_VEHICLES,4.9,7774,Everyone,170000000.0,100000
DATING,4.2,1059,Mature 17+,180000000.0,100000
DATING,3.3,1157,Mature 17+,210000000.0,100000
DATING,3.3,1157,Mature 17+,210000000.0,100000
BUSINESS,4.1,1802,Everyone,260000000.0,100000
BUSINESS,4.1,1802,Everyone,260000000.0,100000
AUTO_AND_VEHICLES,4.9,6090,Everyone,270000000.0,100000
DATING,3.5,1093,Mature 17+,58000000.0,100000
DATING,3.4,1999,Mature 17+,80000000.0,100000
EVENTS,4.6,573,Everyone,87000000.0,100000
ENTERTAINMENT,3.9,2646,Teen,91000000.0,100000
HEALTH_AND_FITNESS,4.9,38098,Everyone,110000000.0,5000000
FINANCE,3.8,42644,Everyone,190000000.0,5000000
ART_AND_DESIGN,3.2,55,Everyone,27000000.0,5000
LIFESTYLE,4.4,33,Everyone,230000000.0,5000
ART_AND_DESIGN,4.5,215644,Teen,250000000.0,50000000
DATING,3.7,1439,Mature 17+,380000000.0,50000
BEAUTY,4.7,964,Everyone,90000000.0,50000
HEALTH_AND_FITNESS,4.9,28945,Teen,120000000.0,500000
AUTO_AND_VEHICLES,3.6,1379,Everyone,160000000.0,500000
EDUCATION,4.0,4815,Everyone,190000000.0,500000
EDUCATION,4.0,4815,Everyone,190000000.0,500000
DATING,3.4,13890,Mature 17+,200000000.0,500000
HEALTH_AND_FITNESS,4.6,4102,Everyone 10+,240000000.0,500000
HOUSE_AND_HOME,4.3,3834,Everyone,300000000.0,500000
FINANCE,4.2,6076,Everyone,320000000.0,500000
EDUCATION,4.0,889,Everyone,74000000.0,500000
EVENTS,4.6,7,Teen,38000000.0,500
LIFESTYLE,4.6,34782,Everyone,120000000.0,1000000
LIFESTYLE,4.6,34802,Everyone,120000000.0,1000000
HEALTH_AND_FITNESS,4.6,20301,Everyone,220000000.0,1000000
ENTERTAINMENT,4.1,29690,Teen,780000000.0,1000000
GAME,4.7,1125017,Everyone,250000000.0,10000000
BUSINESS,4.4,108741,Everyone,280000000.0,10000000
HEALTH_AND_FITNESS,4.6,1026,Everyone,290000000.0,10000
DATING,4.0,337,Mature 17+,320000000.0,10000
ENTERTAINMENT,3.9,801,Teen,570000000.0,100000
LIFESTYLE,3.8,1797,Everyone,68000000.0,100000
LIFESTYLE,3.8,1797,Everyone,68000000.0,100000
LIFESTYLE,3.8,1797,Everyone,68000000.0,100000
COMMUNICATION,3.7,25021,Everyone,610000000.0,5000000
DATING,4.4,59,Everyone,380000000.0,5000
DATING,4.4,59,Everyone,380000000.0,5000
GAME,4.4,3715656,Teen,360000000.0,50000000
GAME,4.4,3714270,Teen,360000000.0,50000000
GAME,4.7,7196,Everyone,380000000.0,500000
COMICS,3.7,22551,Teen,110000000.0,1000000
EDUCATION,4.4,54798,Everyone,110000000.0,1000000
ENTERTAINMENT,3.8,35279,Teen,150000000.0,1000000
ENTERTAINMENT,3.8,35279,Teen,150000000.0,1000000
LIFESTYLE,4.6,69177,Teen,150000000.0,1000000
HOUSE_AND_HOME,4.3,22584,Everyone,160000000.0,1000000
HOUSE_AND_HOME,4.3,22584,Everyone,160000000.0,1000000
ENTERTAINMENT,4.1,27424,Teen,170000000.0,1000000
ENTERTAINMENT,4.1,27424,Teen,170000000.0,1000000
ENTERTAINMENT,4.1,27424,Teen,170000000.0,1000000
AUTO_AND_VEHICLES,3.7,5414,Everyone,180000000.0,1000000
EDUCATION,4.6,7973,Everyone,180000000.0,1000000
FOOD_AND_DRINK,3.4,6507,Everyone,180000000.0,1000000
EDUCATION,4.3,3168,Everyone,190000000.0,1000000
ENTERTAINMENT,4.0,29706,Teen,190000000.0,1000000
ENTERTAINMENT,4.2,14807,Teen,190000000.0,1000000
ENTERTAINMENT,4.0,35928,Teen,190000000.0,1000000
ENTERTAINMENT,3.9,22378,Teen,190000000.0,1000000
ENTERTAINMENT,4.0,29706,Teen,190000000.0,1000000
ENTERTAINMENT,4.0,35931,Teen,190000000.0,1000000
ENTERTAINMENT,4.2,14807,Teen,190000000.0,1000000
ENTERTAINMENT,3.9,8674,Teen,190000000.0,1000000
ENTERTAINMENT,4.0,29706,Teen,190000000.0,1000000
ENTERTAINMENT,4.0,35931,Teen,190000000.0,1000000
ENTERTAINMENT,3.9,22378,Teen,190000000.0,1000000
ENTERTAINMENT,4.2,14807,Teen,190000000.0,1000000
ENTERTAINMENT,3.9,8674,Teen,190000000.0,1000000
LIFESTYLE,3.3,9663,Everyone,190000000.0,1000000
ENTERTAINMENT,4.1,33387,Teen,200000000.0,1000000
ENTERTAINMENT,4.1,33387,Teen,200000000.0,1000000
ENTERTAINMENT,4.1,33387,Teen,200000000.0,1000000
EDUCATION,4.3,14700,Everyone,210000000.0,1000000
LIFESTYLE,3.5,7869,Everyone,210000000.0,1000000
BUSINESS,4.5,78662,Everyone,220000000.0,1000000
BUSINESS,4.5,78662,Everyone,220000000.0,1000000
ENTERTAINMENT,4.2,155234,Teen,220000000.0,1000000
FINANCE,4.5,46106,Everyone,220000000.0,1000000
FINANCE,4.2,11919,Everyone,230000000.0,1000000
FOOD_AND_DRINK,4.5,91359,Everyone,270000000.0,1000000
COMICS,4.5,29839,Teen,290000000.0,1000000
GAME,4.7,21262,Everyone,290000000.0,1000000
HEALTH_AND_FITNESS,4.3,16943,Everyone,320000000.0,1000000
ENTERTAINMENT,4.2,8968,Everyone,350000000.0,1000000
LIFESTYLE,4.3,33572,Everyone,370000000.0,1000000
HEALTH_AND_FITNESS,4.5,50679,Everyone,380000000.0,1000000
DATING,4.0,48845,Mature 17+,400000000.0,1000000
DATING,4.0,48845,Mature 17+,400000000.0,1000000
HOUSE_AND_HOME,4.3,37711,Everyone,400000000.0,1000000
FOOD_AND_DRINK,3.8,21314,Everyone,410000000.0,1000000
FOOD_AND_DRINK,4.3,19314,Everyone,430000000.0,1000000
FINANCE,4.2,15993,Everyone,450000000.0,1000000
DATING,3.9,10212,Mature 17+,50000000.0,1000000
DATING,3.9,10212,Mature 17+,50000000.0,1000000
FINANCE,3.9,10658,Everyone,580000000.0,1000000
BOOKS_AND_REFERENCE,4.4,2709,Everyone,68000000.0,1000000
HEALTH_AND_FITNESS,4.6,28951,Everyone,600000000.0,1000000
HEALTH_AND_FITNESS,4.6,28951,Everyone,600000000.0,1000000
FINANCE,4.1,111632,Everyone,650000000.0,1000000
FOOD_AND_DRINK,4.2,68103,Everyone,660000000.0,1000000
HEALTH_AND_FITNESS,4.5,12955,Teen,72000000.0,1000000
HEALTH_AND_FITNESS,4.8,48276,Everyone,75000000.0,1000000
FINANCE,3.5,3856,Everyone,82000000.0,1000000
FINANCE,4.6,26587,Everyone,84000000.0,1000000
EDUCATION,4.2,5741,Everyone,840000000.0,1000000
DATING,3.6,8,Mature 17+,140000000.0,1000
DATING,3.6,8,Mature 17+,140000000.0,1000
LIFESTYLE,3.7,41941,Everyone,140000000.0,10000000
ENTERTAINMENT,4.5,653008,Everyone,160000000.0,10000000
ENTERTAINMENT,4.5,653008,Everyone,160000000.0,10000000
ENTERTAINMENT,4.5,653008,Everyone,160000000.0,10000000
EDUCATION,4.3,266948,Everyone,210000000.0,10000000
EDUCATION,4.3,266935,Everyone,210000000.0,10000000
EDUCATION,4.3,266948,Everyone,210000000.0,10000000
ENTERTAINMENT,4.2,123279,Everyone 10+,250000000.0,10000000
ENTERTAINMENT,4.2,123279,Everyone 10+,250000000.0,10000000
ENTERTAINMENT,4.2,123279,Everyone 10+,250000000.0,10000000
ENTERTAINMENT,4.2,123279,Everyone 10+,250000000.0,10000000
HEALTH_AND_FITNESS,3.3,20098,Everyone,250000000.0,10000000
HOUSE_AND_HOME,4.5,417907,Everyone,340000000.0,10000000
HOUSE_AND_HOME,4.5,417907,Everyone,340000000.0,10000000
FOOD_AND_DRINK,4.5,455377,Everyone,350000000.0,10000000
FOOD_AND_DRINK,3.6,145323,Everyone,420000000.0,10000000
ENTERTAINMENT,3.7,197774,Mature 17+,440000000.0,10000000
ENTERTAINMENT,3.7,197774,Mature 17+,440000000.0,10000000
LIFESTYLE,4.4,726074,Everyone,450000000.0,10000000
FINANCE,4.4,341090,Everyone,530000000.0,10000000
GAME,4.5,183846,Everyone,990000000.0,10000000
AUTO_AND_VEHICLES,3.9,295,Everyone,27000000.0,10000
EDUCATION,4.1,702,Everyone,76000000.0,10000
COMMUNICATION,4.3,4187998,Everyone,160000000.0,100000000
COMMUNICATION,4.3,4188142,Everyone,160000000.0,100000000
GAME,4.6,9882639,Everyone,740000000.0,100000000
GAME,4.1,10424925,Everyone,850000000.0,100000000
GAME,4.6,5418675,Everyone,960000000.0,100000000
HEALTH_AND_FITNESS,4.6,299,Everyone,110000000.0,100000
FINANCE,4.7,7514,Everyone,140000000.0,100000
LIFESTYLE,4.0,3937,Everyone,150000000.0,100000
FINANCE,3.8,861,Everyone,170000000.0,100000
HEALTH_AND_FITNESS,4.5,8642,Everyone,180000000.0,100000
ART_AND_DESIGN,4.3,967,Everyone,28000000.0,100000
ART_AND_DESIGN,4.6,4326,Everyone,210000000.0,100000
DATING,4.2,4195,Mature 17+,240000000.0,100000
DATING,4.1,2067,Mature 17+,240000000.0,100000
DATING,4.2,4195,Mature 17+,240000000.0,100000
EDUCATION,4.7,3528,Everyone,240000000.0,100000
HOUSE_AND_HOME,3.4,287,Everyone,270000000.0,100000
FINANCE,4.6,2417,Everyone,280000000.0,100000
AUTO_AND_VEHICLES,3.9,3971,Everyone,36000000.0,100000
COMICS,4.6,4895,Everyone,350000000.0,100000
HEALTH_AND_FITNESS,3.7,1812,Everyone,370000000.0,100000
FINANCE,4.5,8662,Everyone,380000000.0,100000
FINANCE,4.1,2898,Everyone,450000000.0,100000
BUSINESS,4.2,1661,Everyone,460000000.0,100000
FINANCE,3.9,1098,Everyone,460000000.0,100000
EDUCATION,4.6,18372,Everyone,470000000.0,100000
EDUCATION,4.6,13612,Everyone,480000000.0,100000
DATING,3.4,2519,Mature 17+,50000000.0,100000
HEALTH_AND_FITNESS,4.1,3405,Everyone,510000000.0,100000
HEALTH_AND_FITNESS,4.1,3405,Everyone,510000000.0,100000
LIBRARIES_AND_DEMO,3.1,1267,Everyone,550000000.0,100000
DATING,3.0,837,Mature 17+,94000000.0,100000
LIFESTYLE,4.6,1658,Everyone,97000000.0,100000
EVENTS,5.0,1,Everyone,210000000.0,100
DATING,2.7,3,Mature 17+,39000000.0,100
DATING,2.7,3,Mature 17+,39000000.0,100
DATING,5.0,2,Mature 17+,700000000.0,100
GAME,3.1,25825,Everyone,160000000.0,5000000
ENTERTAINMENT,4.4,288150,Teen,210000000.0,5000000
ENTERTAINMENT,4.4,288150,Teen,210000000.0,5000000
ENTERTAINMENT,4.4,288150,Teen,210000000.0,5000000
FINANCE,4.0,78306,Everyone,460000000.0,5000000
COMMUNICATION,4.3,27187,Everyone,660000000.0,5000000
COMMUNICATION,4.3,158679,Everyone,88000000.0,5000000
DATING,3.9,105,Mature 17+,270000000.0,5000
DATING,3.9,105,Mature 17+,270000000.0,5000
DATING,3.5,69,Mature 17+,360000000.0,5000
LIFESTYLE,4.5,82145,Everyone,300000000.0,50000000
FINANCE,4.3,659741,Everyone,470000000.0,50000000
FINANCE,4.3,659760,Everyone,470000000.0,50000000
COMICS,4.8,516,Everyone,120000000.0,50000
HOUSE_AND_HOME,4.1,81,Everyone,160000000.0,50000
FINANCE,4.3,685,Everyone,210000000.0,50000
ENTERTAINMENT,3.0,493,Everyone,230000000.0,50000
FOOD_AND_DRINK,3.9,464,Everyone,280000000.0,50000
BOOKS_AND_REFERENCE,4.5,1857,Everyone,49000000.0,50000
AUTO_AND_VEHICLES,4.4,805,Everyone,56000000.0,50000
FINANCE,4.7,1311,Everyone,93000000.0,50000
HEALTH_AND_FITNESS,4.4,5038,Everyone,100000000.0,500000
ENTERTAINMENT,4.5,16372,Teen,130000000.0,500000
FOOD_AND_DRINK,4.1,2473,Everyone,140000000.0,500000
HEALTH_AND_FITNESS,4.0,1577,Everyone,22000000.0,500000
HEALTH_AND_FITNESS,4.7,11689,Everyone,200000000.0,500000
HEALTH_AND_FITNESS,4.7,11689,Everyone,200000000.0,500000
ENTERTAINMENT,3.6,1968,Everyone,210000000.0,500000
ART_AND_DESIGN,4.7,8145,Everyone,240000000.0,500000
EDUCATION,4.7,31085,Everyone,240000000.0,500000
FOOD_AND_DRINK,3.3,1726,Everyone,300000000.0,500000
HEALTH_AND_FITNESS,4.6,10445,Everyone,480000000.0,500000
DATING,3.5,2593,Mature 17+,50000000.0,500000
FINANCE,4.3,5905,Everyone,500000000.0,500000
HEALTH_AND_FITNESS,4.7,16570,Everyone,730000000.0,500000
EVENTS,5.0,4,Everyone,610000000.0,500
FINANCE,4.2,257,Everyone,440000000.0,10000
LIFESTYLE,4.2,23164,Mature 17+,100000000.0,1000000
BUSINESS,4.3,20815,Everyone,100000000.0,1000000
BUSINESS,4.3,20815,Everyone,100000000.0,1000000
EDUCATION,4.3,22384,Everyone,170000000.0,1000000
EDUCATION,4.3,22384,Everyone,170000000.0,1000000
EDUCATION,4.5,99020,Everyone,180000000.0,1000000
EDUCATION,4.5,99020,Everyone,180000000.0,1000000
EDUCATION,4.5,99020,Everyone,180000000.0,1000000
HEALTH_AND_FITNESS,4.5,27439,Everyone,190000000.0,1000000
HEALTH_AND_FITNESS,4.5,27439,Everyone,190000000.0,1000000
HOUSE_AND_HOME,4.6,36857,Everyone,190000000.0,1000000
HOUSE_AND_HOME,4.6,36857,Everyone,190000000.0,1000000
FOOD_AND_DRINK,3.6,22875,Everyone,220000000.0,1000000
FOOD_AND_DRINK,3.6,22875,Everyone,220000000.0,1000000
HEALTH_AND_FITNESS,4.6,56145,Everyone,230000000.0,1000000
EVENTS,4.5,8800,Everyone,240000000.0,1000000
FINANCE,4.1,6998,Everyone,240000000.0,1000000
BUSINESS,4.8,148945,Everyone,250000000.0,1000000
FINANCE,4.4,15141,Everyone,250000000.0,1000000
HOUSE_AND_HOME,4.4,11200,Everyone,250000000.0,1000000
EVENTS,4.4,15558,Everyone,260000000.0,1000000
COMICS,4.4,238970,Teen,280000000.0,1000000
LIBRARIES_AND_DEMO,4.5,60170,Everyone,280000000.0,1000000
COMMUNICATION,4.0,122595,Everyone,300000000.0,1000000
FINANCE,4.3,24729,Everyone,320000000.0,1000000
FOOD_AND_DRINK,4.5,35218,Everyone,340000000.0,1000000
FOOD_AND_DRINK,4.2,10159,Everyone,360000000.0,1000000
COMMUNICATION,3.9,42370,Everyone,370000000.0,1000000
ENTERTAINMENT,4.1,21867,Teen,390000000.0,1000000
LIFESTYLE,4.5,53652,Everyone,390000000.0,1000000
COMMUNICATION,4.4,36880,Everyone,40000000.0,1000000
COMMUNICATION,4.4,36893,Everyone,40000000.0,1000000
LIFESTYLE,4.2,3788,Everyone,440000000.0,1000000
HOUSE_AND_HOME,4.0,7508,Everyone,51000000.0,1000000
EVENTS,4.6,8232,Everyone,530000000.0,1000000
HEALTH_AND_FITNESS,4.5,106547,Everyone,540000000.0,1000000
HEALTH_AND_FITNESS,4.4,38343,Everyone,550000000.0,1000000
BEAUTY,4.5,26834,Everyone,570000000.0,1000000
HEALTH_AND_FITNESS,4.0,49479,Teen,570000000.0,1000000
ENTERTAINMENT,3.7,17247,Everyone 10+,72000000.0,1000000
HOUSE_AND_HOME,4.5,8481,Everyone,75000000.0,1000000
HOUSE_AND_HOME,4.5,8481,Everyone,75000000.0,1000000
ENTERTAINMENT,4.3,44550,Everyone,720000000.0,1000000
FOOD_AND_DRINK,4.3,31986,Teen,760000000.0,1000000
GAME,4.4,41975,Everyone,790000000.0,1000000
ENTERTAINMENT,4.3,160164,Teen,120000000.0,10000000
COMMUNICATION,4.4,177703,Mature 17+,130000000.0,10000000
COMMUNICATION,4.2,177263,Mature 17+,130000000.0,10000000
FOOD_AND_DRINK,4.1,64784,Everyone,130000000.0,10000000
LIFESTYLE,3.5,6145,Everyone,130000000.0,10000000
FINANCE,4.0,34428,Everyone,150000000.0,10000000
AUTO_AND_VEHICLES,4.2,271920,Teen,160000000.0,10000000
EDUCATION,4.3,206527,Everyone 10+,210000000.0,10000000
EDUCATION,4.3,206532,Everyone 10+,210000000.0,10000000
EDUCATION,4.3,206532,Everyone 10+,210000000.0,10000000
HEALTH_AND_FITNESS,4.5,130104,Everyone,250000000.0,10000000
ENTERTAINMENT,4.1,115033,Everyone,300000000.0,10000000
FINANCE,4.6,1374549,Everyone,320000000.0,10000000
GAME,4.4,37023,Everyone,330000000.0,10000000
FOOD_AND_DRINK,4.2,333208,Everyone,340000000.0,10000000
LIFESTYLE,4.1,47497,Everyone,340000000.0,10000000
FINANCE,4.4,250706,Everyone,370000000.0,10000000
FINANCE,4.4,250719,Everyone,370000000.0,10000000
ENTERTAINMENT,3.5,10939,Everyone,46000000.0,10000000
HEALTH_AND_FITNESS,4.6,115721,Everyone,670000000.0,10000000
HEALTH_AND_FITNESS,4.6,115721,Everyone,670000000.0,10000000
FINANCE,4.6,510392,Everyone,790000000.0,10000000
FINANCE,4.6,510401,Everyone,790000000.0,10000000
GAME,4.2,195558,Everyone,860000000.0,10000000
HEALTH_AND_FITNESS,4.6,251534,Everyone,930000000.0,10000000
HEALTH_AND_FITNESS,4.6,251534,Everyone,930000000.0,10000000
GAME,4.3,174755,Everyone 10+,980000000.0,10000000
FINANCE,4.6,964,Everyone,140000000.0,10000
BUSINESS,4.5,413,Everyone,290000000.0,10000
COMICS,3.5,115,Mature 17+,91000000.0,10000
FINANCE,4.4,3780,Everyone,110000000.0,100000
DATING,1.9,953,Mature 17+,190000000.0,100000
DATING,1.9,953,Mature 17+,190000000.0,100000
DATING,1.9,954,Mature 17+,190000000.0,100000
FINANCE,4.8,12304,Everyone,210000000.0,100000
LIBRARIES_AND_DEMO,4.6,3014,Everyone,210000000.0,100000
EVENTS,4.1,399,Everyone,240000000.0,100000
FINANCE,4.4,7731,Everyone,240000000.0,100000
FINANCE,4.4,7731,Everyone,240000000.0,100000
FOOD_AND_DRINK,4.6,7690,Everyone,250000000.0,100000
ENTERTAINMENT,4.5,1575,Everyone,430000000.0,100000
DATING,3.3,4631,Mature 17+,450000000.0,100000
FINANCE,4.2,283,Everyone,50000000.0,100000
FINANCE,4.2,283,Everyone,50000000.0,100000
HEALTH_AND_FITNESS,4.0,3061,Everyone,55000000.0,100000
HEALTH_AND_FITNESS,4.0,3061,Everyone,55000000.0,100000
BUSINESS,3.8,1383,Everyone,510000000.0,100000
BUSINESS,3.8,1383,Everyone,510000000.0,100000
HOUSE_AND_HOME,4.8,3167,Everyone,75000000.0,100000
BUSINESS,4.0,624,Everyone,90000000.0,100000
FINANCE,3.8,1054,Everyone,97000000.0,100000
HEALTH_AND_FITNESS,4.2,14709,Everyone,150000000.0,5000000
FOOD_AND_DRINK,4.3,28008,Everyone,170000000.0,5000000
FOOD_AND_DRINK,4.3,28009,Everyone,170000000.0,5000000
FOOD_AND_DRINK,4.6,90242,Everyone,190000000.0,5000000
BUSINESS,4.3,85185,Everyone,290000000.0,5000000
FINANCE,4.5,100997,Everyone,330000000.0,5000000
FOOD_AND_DRINK,4.5,155944,Everyone,350000000.0,5000000
FOOD_AND_DRINK,4.5,155944,Everyone,350000000.0,5000000
GAME,4.1,55380,Everyone,390000000.0,5000000
FINANCE,3.6,52306,Everyone,420000000.0,5000000
HEALTH_AND_FITNESS,4.5,144040,Everyone,550000000.0,5000000
HEALTH_AND_FITNESS,4.5,144050,Everyone,550000000.0,5000000
HEALTH_AND_FITNESS,4.5,183662,Everyone,570000000.0,5000000
HEALTH_AND_FITNESS,4.5,183669,Everyone,570000000.0,5000000
HEALTH_AND_FITNESS,4.5,183669,Everyone,570000000.0,5000000
EDUCATION,4.5,172505,Everyone,760000000.0,5000000
EDUCATION,4.5,172508,Everyone,760000000.0,5000000
EDUCATION,4.5,172508,Everyone,760000000.0,5000000
EDUCATION,4.5,172508,Everyone,760000000.0,5000000
FINANCE,4.7,3290,Everyone,120000000.0,50000
LIFESTYLE,4.2,220,Everyone,150000000.0,50000
EDUCATION,3.9,61,Mature 17+,180000000.0,50000
DATING,3.5,241,Mature 17+,28000000.0,50000
DATING,3.4,212,Mature 17+,30000000.0,50000
BUSINESS,4.1,5448,Everyone,120000000.0,500000
BUSINESS,4.1,5448,Everyone,120000000.0,500000
DATING,4.2,7779,Mature 17+,120000000.0,500000
DATING,4.2,7779,Mature 17+,120000000.0,500000
AUTO_AND_VEHICLES,4.0,2155,Everyone,150000000.0,500000
BEAUTY,4.7,18900,Everyone,170000000.0,500000
FINANCE,4.3,5928,Everyone,220000000.0,500000
BUSINESS,3.9,1058,Everyone,230000000.0,500000
HEALTH_AND_FITNESS,4.4,12858,Everyone,550000000.0,500000
DATING,4.5,120,Mature 17+,100000000.0,500
FOOD_AND_DRINK,4.5,9066,Everyone,150000000.0,500000
FINANCE,4.6,3596,Everyone,190000000.0,100000
ENTERTAINMENT,4.3,1856,Teen,200000000.0,100000
ENTERTAINMENT,3.6,2639,Everyone,85000000.0,100000
FOOD_AND_DRINK,4.2,3755,Everyone,85000000.0,100000
AUTO_AND_VEHICLES,3.9,142,Everyone,320000000.0,50000
LIFESTYLE,4.5,100,Everyone,71000000.0,1000000
BUSINESS,3.8,14760,Everyone,86000000.0,50000000
LIFESTYLE,4.3,985,Everyone,160000000.0,500000
LIBRARIES_AND_DEMO,4.6,237,Everyone,85.0,50000
